景点名称,评分,评分人数,图片链接
"黄果树景区, 镇宁",4.5分,暂无评分人数,https://dimg04.c-ctrip.com/images/100913000000tgynfD431_C_320_320.jpg
"荔波小七孔景区, 荔波",4.7分,暂无评分人数,https://dimg04.c-ctrip.com/images/0101312000izs6jhs5BAF_C_320_320.jpg
"西江千户苗寨, 雷山",4.2分,暂无评分人数,https://dimg04.c-ctrip.com/images/10070y000000mnnzt581E_C_320_320.jpg
"武隆天生三桥, 重庆",4.6分,暂无评分人数,https://dimg04.c-ctrip.com/images/0105q120004gsttsa454D_C_320_320.jpg
"梵净山, 江口",4.4分,暂无评分人数,https://dimg04.c-ctrip.com/images/1A0k1d000001ep6lw0E31_C_320_320.jpg
"织金洞, 织金",4.7分,暂无评分人数,https://dimg04.c-ctrip.com/images/100g0q000000gc2aw40A5_C_320_320.jpg
"青岩古镇, 贵阳",暂无评分,暂无评分人数,https://dimg04.c-ctrip.com/images/1lo4z12000fsda3vlBC1C_C_320_320.jpg
"凤凰古城, 凤凰",4.3分,暂无评分人数,https://dimg04.c-ctrip.com/images/1A0q1700000118gee3001_C_320_320.jpg
"仙女山国家森林公园, 重庆",4.5分,暂无评分人数,https://dimg04.c-ctrip.com/images/1lo0112000bofvjoa4244_C_320_320.jpg
"黔灵山公园, 贵阳",4.6分,暂无评分人数,https://dimg04.c-ctrip.com/images/0105r12000f6scsegDE66_C_320_320.jpg
"中国天眼景区, 平塘",4.4分,暂无评分人数,https://dimg04.c-ctrip.com/images/0104412000f6r0exg6E3F_C_320_320.jpg
"赤水丹霞旅游区·大瀑布, 赤水",4.6分,暂无评分人数,https://dimg04.c-ctrip.com/images/1lo2912000hokd1p0FA5C_C_320_320.jpg
"黑山谷风景区, 重庆",4.4分,暂无评分人数,https://dimg04.c-ctrip.com/images/0105f1200087edgs9C8D0_C_320_320.jpg
"龙宫景区, 安顺",4.4分,暂无评分人数,https://dimg04.c-ctrip.com/images/0100b12000j0dzah7EDDE_C_320_320.jpg
"武隆喀斯特旅游区, 重庆",4.6分,暂无评分人数,https://dimg04.c-ctrip.com/images/100n0n000000e0e6kAFA0_C_320_320.jpg
"肇兴侗寨, 黎平",4.4分,暂无评分人数,https://dimg04.c-ctrip.com/images/0101312000f3z3rzpD6C3_C_320_320.jpg
"蜀南竹海, 长宁",4.3分,暂无评分人数,https://dimg04.c-ctrip.com/images/0101r1200085fpx549D21_C_320_320.jpg
"天河潭旅游度假区, 贵阳",4.4分,暂无评分人数,https://dimg04.c-ctrip.com/images/0100k12000ji0cisl2ABA_C_320_320.jpg
"金佛山, 重庆",4.3分,暂无评分人数,https://dimg04.c-ctrip.com/images/100s1g000001hadfzF021_C_320_320.jpg
"泸州老窖景区, 泸州",4.8分,暂无评分人数,https://dimg04.c-ctrip.com/images/0105s12000h11yc635A2E_C_320_320.jpg
"梦幻奥陶纪景区, 重庆",4.2分,暂无评分人数,https://dimg04.c-ctrip.com/images/1lo6m12000kmnw1611E8A_C_320_320.jpg
"重庆巅峰乐园, 重庆",暂无评分,暂无评分人数,https://dimg04.c-ctrip.com/images/0101k120005m48n1jB1DF_C_320_320.jpg
"龙水峡地缝, 重庆",4.7分,暂无评分人数,https://dimg04.c-ctrip.com/images/10051f000001gstlsF9FD_C_320_320.jpg
"甲秀楼, 贵阳",4.6分,暂无评分人数,https://dimg04.c-ctrip.com/images/0105t12000f6rbgxc2CFB_C_320_320.jpg
"百里杜鹃风景区, 大方",4.2分,暂无评分人数,https://dimg04.c-ctrip.com/images/0102k120009dfa5j1E94A_C_320_320.jpg
"汉海海洋公园, 重庆",4.1分,暂无评分人数,https://dimg04.c-ctrip.com/images/1lo5312000h9dsl7t635D_C_320_320.png
"四洞沟景区, 赤水",4.5分,暂无评分人数,https://dimg04.c-ctrip.com/images/1lo3o12000hoklsj09E1A_C_320_320.jpg
"酉阳桃花源, 酉阳",4.4分,暂无评分人数,https://dimg04.c-ctrip.com/images/0104e120008lsgk3wC0AF_C_320_320.jpg
"荔波古镇, 荔波",4.8分,暂无评分人数,https://dimg04.c-ctrip.com/images/0100712000apa2xfd9FD0_C_320_320.jpg
"乌蒙大草原, 盘州",4.4分,暂无评分人数,https://dimg04.c-ctrip.com/images/0100x1200090ppcgq5B3C_C_320_320.png
"多彩贵州城极地海洋世界, 贵阳",4.5分,暂无评分人数,https://dimg04.c-ctrip.com/images/01068120008m61eyuC345_C_320_320.jpg
"花溪夜郎谷, 贵阳",4.3分,暂无评分人数,https://dimg04.c-ctrip.com/images/0100m12000f6qzo5bB649_C_320_320.jpg
"镇远古城, 镇远",4.4分,暂无评分人数,https://dimg04.c-ctrip.com/images/0104s12000f3rikt67961_C_320_320.jpg
"四面山, 重庆",4.5分,暂无评分人数,https://dimg04.c-ctrip.com/images/0100h120008er00ie7666_C_320_320.jpg
"荔波大七孔景区, 荔波",4.6分,暂无评分人数,https://dimg04.c-ctrip.com/images/0106612000h0hu5eoCEBF_C_320_320.jpg
"贵阳欢乐世界, 贵阳",4.5分,暂无评分人数,https://dimg04.c-ctrip.com/images/0104v120008iizawd917B_C_320_320.jpg
"青龙洞, 镇远",4.4分,暂无评分人数,https://dimg04.c-ctrip.com/images/10080z000000nh0n59AAF_C_320_320.jpg
"赤水丹霞旅游区·佛光岩, 赤水",4.6分,暂无评分人数,https://dimg04.c-ctrip.com/images/0102g12000j4tc5vgE1B0_C_320_320.jpg
"遵义会议会址, 遵义",暂无评分,暂无评分人数,https://dimg04.c-ctrip.com/images/35011d000001eumat5296_C_320_320.jpg
"花溪公园, 贵阳",4.7分,暂无评分人数,https://dimg04.c-ctrip.com/images/100s1f000001gx7l0418A_C_320_320.jpg
"云从朵花温泉度假中心, 龙里",4.9分,898条评论,https://dimg04.c-ctrip.com/images/0102512000aq9dowzCA97_C_320_320.jpg
"都匀秦汉影视城, 都匀",4.2分,968条评论,https://dimg04.c-ctrip.com/images/100410000000q6aewE65D_C_320_320.jpg
"《多彩贵州风》演出, 贵阳",4.4分,911条评论,https://dimg04.c-ctrip.com/images/01022120008gddd3tEB23_C_320_320.jpg
"贵州乌江寨国际旅游度假区, 遵义",4.1分,950条评论,https://dimg04.c-ctrip.com/images/1lo5012000c020l5u51D7_C_320_320.jpg
"四季贵州极地冒险水世界, 清镇",4.4分,877条评论,https://dimg04.c-ctrip.com/images/100k1f000001guijvC091_C_320_320.jpg
"㵲阳河风景名胜区, 镇远",4.3分,825条评论,https://dimg04.c-ctrip.com/images/0105d12000j4tsf46216A_C_320_320.jpg
"南江大峡谷, 开阳",4.4分,773条评论,https://dimg04.c-ctrip.com/images/100s1f000001gx3l4987A_C_320_320.jpg
"下司古镇, 凯里",4.3分,643条评论,https://dimg04.c-ctrip.com/images/100i0q000000ga9gcC14E_C_320_320.jpg
"贵州森林野生动物园, 修文",4.1分,644条评论,https://dimg04.c-ctrip.com/images/350j0y000000mfo097321_C_320_320.jpg
"西江千户苗寨景区-观景台, 雷山",4.4分,593条评论,https://dimg04.c-ctrip.com/images/100b0n000000e2pms80C1_C_320_320.jpg
"剑河仰阿莎温泉小镇, 剑河",4.6分,509条评论,https://dimg04.c-ctrip.com/images/0103o120008bfnmhaA10C_C_320_320.jpg
"云漫湖生态度假公园, 安顺",4.3分,531条评论,https://dimg04.c-ctrip.com/images/0106a120008g4sk5sDD76_C_320_320.jpg
"息烽温泉, 息烽",4.3分,518条评论,https://dimg04.c-ctrip.com/images/0105a12000f6pxf5kED2B_C_320_320.jpg
"海龙屯, 遵义",4.3分,507条评论,https://dimg04.c-ctrip.com/images/100e1f000001gt19c8B9D_C_320_320.jpg
"四季贵州山地温泉水世界, 清镇",4.6分,453条评论,https://dimg04.c-ctrip.com/images/0103p120008b4b80w13A2_C_320_320.jpg
"石阡古温泉, 石阡",4.2分,493条评论,https://dimg04.c-ctrip.com/images/1lo2n12000blgkodgBBAC_C_320_320.jpg
"高过河漂流, 镇远",4.6分,443条评论,https://dimg04.c-ctrip.com/images/1me6f12000bafksgl0AFC_C_320_320.jpg
"丹寨万达锦华温泉酒店云沁温泉, 丹寨",4.9分,373条评论,https://dimg04.c-ctrip.com/images/010691200081tjp3a09DC_C_320_320.jpg
"丹寨万达小镇, 丹寨",4.8分,379条评论,https://dimg04.c-ctrip.com/images/1lo4912000eod0hzjA483_C_320_320.jpg
"红枫湖, 清镇",3.7分,485条评论,https://dimg04.c-ctrip.com/images/100h1f000001grtb5D176_C_320_320.jpg
"杉木河漂流, 施秉",4.7分,381条评论,https://dimg04.c-ctrip.com/images/100o0z000000nrqnbBF86_C_320_320.jpg
"遵义《伟大转折》实景演出, 遵义",4.8分,349条评论,https://dimg04.c-ctrip.com/images/1lo4112000ekq2jyv30BF_C_320_320.jpg
"观山湖公园, 贵阳",4.7分,355条评论,https://dimg04.c-ctrip.com/images/0101912000kltsr7c459C_C_320_320.jpg
"郎德苗寨, 雷山",4.5分,366条评论,https://dimg04.c-ctrip.com/images/0105512000f6q5u4yB6EE_C_320_320.jpg
"贵御温泉, 贵阳",4.5分,329条评论,https://dimg04.c-ctrip.com/images/100b10000000q1ri2042D_C_320_320.jpg
"保利国际温泉, 贵阳",4.3分,343条评论,https://dimg04.c-ctrip.com/images/300s1f000001gcrbdD93A_C_320_320.jpg
"花果园湿地公园, 贵阳",4.6分,314条评论,https://dimg04.c-ctrip.com/images/0102p1200089j2ua00DB4_C_320_320.jpg
"贵州省博物馆, 贵阳",4.4分,330条评论,https://dimg04.c-ctrip.com/images/0100112000hzop1wh01FF_C_320_320.jpg
"河滨公园, 贵阳",4.5分,311条评论,https://dimg04.c-ctrip.com/images/0102i120009cnjy5m7DAC_C_320_320.jpg
"文昌阁, 贵阳",4.5分,286条评论,https://dimg04.c-ctrip.com/images/0100e12000f6tsqx9EDCA_C_320_320.jpg
"时光贵州小镇, 清镇",4.6分,269条评论,https://dimg04.c-ctrip.com/images/100b1f000001gspjm91FE_C_320_320.jpg
"弘福寺, 贵阳",4.7分,246条评论,https://dimg04.c-ctrip.com/images/01015120009hztaniD2B8_C_320_320.jpg
"万象温泉, 贵阳",4.3分,259条评论,https://dimg04.c-ctrip.com/images/0101q120008lj561sBEE3_C_320_320.jpg
"黔东南州民族博物馆, 凯里",4.6分,238条评论,https://dimg04.c-ctrip.com/images/0106b12000a53g3kw7C41_C_320_320.jpg
"桃源河魔幻漂流, 修文",4.2分,243条评论,https://dimg04.c-ctrip.com/images/1A051f000001gjlq71F1A_C_320_320.jpg
"朵芳阁桃源河温泉, 修文",暂无评分,193条评论,https://dimg04.c-ctrip.com/images/100v1f000001h1didD338_C_320_320.jpg
"花溪国家城市湿地公园十里河滩景区, 贵阳",4.5分,209条评论,https://dimg04.c-ctrip.com/images/1lo0312000cndgmva873C_C_320_320.png
"贵阳森林公园, 贵阳",4.6分,194条评论,https://dimg04.c-ctrip.com/images/0100212000j4srf4f6F1F_C_320_320.jpg
"筑城广场, 贵阳",4.6分,181条评论,https://dimg04.c-ctrip.com/images/0105i120008damunjFF71_C_320_320.jpg
"贵州长征文化数字艺术馆(红飘带), 贵阳",4.8分,171条评论,https://dimg04.c-ctrip.com/images/1lo5i12000gb0vfr858E8_C_320_320.jpg
"贵州龙里大草原景区, 龙里",3.3分,239条评论,https://dimg04.c-ctrip.com/images/0106d12000f6pwxw66994_C_320_320.jpg
"斗篷山景区, 都匀",4.4分,170条评论,https://dimg04.c-ctrip.com/images/0102c1200092livlyC644_C_320_320.jpg
"翠微园, 贵阳",4.6分,159条评论,https://dimg04.c-ctrip.com/images/10041f000001gp9ah4FCE_C_320_320.jpg
"白马峪温泉康养度假区, 开阳",3.3分,219条评论,https://dimg04.c-ctrip.com/images/0105a1200099dp9bo614B_C_320_320.jpg
"中国阳明文化园, 修文",4.5分,155条评论,https://dimg04.c-ctrip.com/images/1A0q1f000001gj9425F1C_C_320_320.jpg
"贵州省民族博物馆, 贵阳",4.4分,145条评论,https://dimg04.c-ctrip.com/images/0101a12000ifup6nrEDA2_C_320_320.jpg
"小车河城市湿地公园, 贵阳",4.8分,126条评论,https://dimg04.c-ctrip.com/images/0102b120009dm647kA756_C_320_320.jpg
"甲秀广场, 贵阳",4.7分,128条评论,https://dimg04.c-ctrip.com/images/100q1900000175flk9360_C_320_320.jpg
"麒麟洞, 贵阳",暂无评分,暂无评分人数,https://dimg04.c-ctrip.com/images/100v1f000001h1cgz9911_C_320_320.jpg
"龙里油画大草原, 龙里",3.9分,137条评论,https://dimg04.c-ctrip.com/images/35071b000001b42xo9EC0_C_320_320.jpg
"石板古街, 都匀",4.3分,120条评论,https://dimg04.c-ctrip.com/images/0106z120009dggvdw24BA_C_320_320.jpg
"猴耳天坑·极限酷玩公园, 开阳",4.3分,118条评论,https://dimg04.c-ctrip.com/images/0103l120008een08y8017_C_320_320.jpg
"中国阳明文化园-阳明洞, 修文",4.5分,93条评论,https://dimg04.c-ctrip.com/images/0106h120008ca9ok6A9D6_C_320_320.jpg
"达德学校旧址, 贵阳",暂无评分,暂无评分人数,https://dimg04.c-ctrip.com/images/0103f12000f6q0zm54F87_C_320_320.jpg
"都匀绿博园, 都匀",4.2分,97条评论,https://dimg04.c-ctrip.com/images/0105c1200086z8yhl7B55_C_320_320.png
"息烽集中营革命历史纪念馆, 息烽",暂无评分,暂无评分人数,https://dimg04.c-ctrip.com/images/0102d120008s7gwugF097_C_320_320.jpg
"东山公园, 贵阳",4.6分,85条评论,https://dimg04.c-ctrip.com/images/0102y12000j4t6hom10AA_C_320_320.jpg
"贵阳桃源河景区, 修文",4.2分,92条评论,https://dimg04.c-ctrip.com/images/0103y1200090z7gptBC22_C_320_320.jpg
"黄平浪洞森林温泉, 黄平",3.7分,97条评论,https://dimg04.c-ctrip.com/images/0104b12000f6sk6a28120_C_320_320.jpg
"黔明古寺, 贵阳",4.6分,75条评论,https://dimg04.c-ctrip.com/images/100g1f000001gqxsiECDB_C_320_320.jpg
"龙里水乡, 龙里",3.8分,88条评论,https://dimg04.c-ctrip.com/images/010681200086jzme535F1_C_320_320.jpg
"金海雪山, 贵定",4.5分,73条评论,https://dimg04.c-ctrip.com/images/1lo0812000iv8poz0C0F8_C_320_320.jpg
"林青就义处, 贵阳",4.5分,69条评论,https://dimg04.c-ctrip.com/images/0102b12000asbk9lp001E_C_320_320.jpg
"香纸沟, 贵阳",4.4分,62条评论,https://dimg04.c-ctrip.com/images/1A02170000011hc0j8FB9_C_320_320.jpg
"相宝山, 贵阳",4.3分,62条评论,https://dimg04.c-ctrip.com/images/0104y1200092m0jpx0300_C_320_320.jpg
"乐湾温泉, 贵阳",3.3分,80条评论,https://dimg04.c-ctrip.com/images/0100h12000f6u286m019D_C_320_320.jpg
"阳明祠, 贵阳",4.4分,59条评论,https://dimg04.c-ctrip.com/images/0103412000j4szf37E6A2_C_320_320.jpg
"七星潭, 贵阳",4.6分,56条评论,https://dimg04.c-ctrip.com/images/0107112000f6qyc7rF8C4_C_320_320.jpg
"情人谷, 贵阳",3.9分,64条评论,https://dimg04.c-ctrip.com/images/100i1f000001gp56z3C80_C_320_320.jpg
"金海雪山四季花谷, 贵定",3.7分,56条评论,https://dimg04.c-ctrip.com/images/350c15000000y31od0739_C_320_320.jpg
"贵州修文苏格兰牧场, 修文",3.8分,54条评论,https://dimg04.c-ctrip.com/images/0103q120008ij4gfy9784_C_320_320.jpg
"南山天沐温泉, 息烽",暂无评分,39条评论,https://dimg04.c-ctrip.com/images/0105o12000f6qs4hf6423_C_320_320.jpg
"香纸沟枫叶谷旅游度假区, 贵阳",3.7分,51条评论,https://dimg04.c-ctrip.com/images/350w1900000163l7jF291_C_320_320.jpg
"斗篷山温泉, 都匀",暂无评分,47条评论,https://dimg04.c-ctrip.com/images/0106012000a25dolg25BF_C_320_320.jpg
"东山寺遗址, 贵阳",暂无评分,暂无评分人数,https://dimg04.c-ctrip.com/images/0101j12000ikvukkt1C53_C_320_320.jpg
"草塘千年古邑, 瓮安",4.8分,36条评论,https://dimg04.c-ctrip.com/images/100414000000wrweh7AF6_C_320_320.jpg
"云栖谷双龙镇, 龙里",3.9分,43条评论,https://dimg04.c-ctrip.com/images/0101512000f6u1a1q3729_C_320_320.jpg
"渔洞峡, 贵阳",4.5分,34条评论,https://dimg04.c-ctrip.com/images/0104v1200092m1tn98901_C_320_320.jpg
"未来方舟, 贵阳",4.6分,31条评论,https://dimg04.c-ctrip.com/images/0103412000bg4xmeh6EE7_C_320_320.jpg
"龙架山森林公园, 龙里",4.3分,32条评论,https://dimg04.c-ctrip.com/images/0101e1200092lnbe7A6D9_C_320_320.jpg
